Actual View Count,RandomForest Predicted View Count,GradientBoosting Predicted View Count,XGBoost Predicted View Count
1174480.0,1163482.4299999997,1174760.3291300044,1174779.0
0.0,0.0,82.93532139109448,173.9503
4555091.875,4490507.689583322,4554322.0207225885,4554190.0
2351690.0,2351371.433333332,2350646.873976919,2351648.5
1153980.0,1155940.9666666673,1154826.9212164087,1154199.6
