Actual View Count,RandomForest Predicted View Count,GradientBoosting Predicted View Count,NeuralNetwork Predicted View Count,XGBoost Predicted View Count
-1.4199391919106257,-1.4213462703745234,-1.4200990014816082,-375.09157073776953,-1.4198285
-0.4602303946881647,-0.46281150341824157,-0.46048155333354135,-565.8282602424247,-0.4602582
0.5106333922439826,0.5230326625518696,0.5100636417309727,-424.3942549398962,0.51084805
-1.4231537127548013,-1.4212277657219348,-1.4216752623354494,-438.08456688964395,-1.4233286
0.5106333922439826,0.5230326625518696,0.5100636417309727,-416.89971057370957,0.51084805
